category,n,mean_original_cer,mean_guided_cer,mean_delta_cer,mean_original_term_recall,mean_guided_term_recall
dense_event_poster,50,1.3872727272727272,0.0,1.3872727272727272,0.984,1.0
dispersed_typography,50,0.17200000000000001,0.0,0.17200000000000001,0.815,1.0
layered_exhibition_poster,50,0.03272727272727273,0.0,0.03272727272727273,0.965,1.0
low_light_movie_poster,50,0.049473684210526316,0.0,0.049473684210526316,0.98,1.0
menu_style_poster,50,0.3738461538461539,0.0,0.3738461538461539,0.97,1.0
stylized_vertical_title,150,1.5010714285714286,0.0,1.5010714285714286,0.006666666666666666,1.0
vertical_brush_poster,100,1.1822077922077923,0.0,1.1822077922077923,0.049999999999999996,1.0
vertical_notice_poster,50,1.0,0.0,1.0,0.0,1.0
vertical_station_board,50,4.535555555555556,0.0,4.535555555555556,0.0,1.0
